pos,A,C,G,T
0,-0.041385867,-0.014073312,-0.010691054,0.066150233
1,0.083120279,-0.090694614,0.054731272,-0.04715693
2,-0.112474114,0.342952609,0.197739899,-0.428218424
3,-0.267095268,-0.373270571,-0.426851571,1.06721735
4,0.000697821,-0.870295882,0.173413068,0.696185052
5,-1.037889838,-0.662746251,1.301462412,0.399173796
6,0.57983917,-0.438307703,0.076108664,-0.217640102
7,-0.308542192,0.87106359,-0.763884366,0.201363057
8,0.367611825,-0.29238978,-0.124227792,0.049005777
9,0.128666222,-0.131716505,-0.087792873,0.090843149
10,-0.040748283,-0.071480975,0.110020176,0.002209097
11,0.028436378,-0.029987879,0.051635437,-0.050083943
12,-0.08364661,-0.015444793,0.034287598,0.064803824
13,0.152347058,-0.039377868,0.056095604,-0.16906479
14,-0.07522738,-0.034093976,0.003388152,0.105933204
15,0.257311165,-0.058430195,0.024356775,-0.223237753
16,0.036330178,0.03906605,0.059832737,-0.135228977
17,-0.094768003,0.031763151,0.020057559,0.042947337
18,0.02878217,-0.045911208,-0.05725567,0.074384719
19,0.002060197,-0.022923123,0.002477735,0.018385192
20,0.03430146,-0.053353436,-0.021330841,0.04038281
21,0.033497628,-0.068725891,-0.072354905,0.10758318
22,-0.151174471,-0.083904818,-0.093022659,0.328101933
23,0.363562763,-0.168811858,0.130373687,-0.325124621
24,-0.008072382,-0.110723913,0.215246335,-0.096450046
25,-0.026646048,-0.532046676,0.597837687,-0.039144933
26,-0.096221223,-0.190441296,0.187181175,0.099481344
27,0.104082495,-0.212561667,-0.812620461,0.921099544
28,1.653807402,-0.54485184,-0.45687598,-0.652079523
29,0.028708816,-0.14728272,-0.203117281,0.321691275
30,0.540630102,-0.063623637,-0.21204254,-0.264963925
31,0.474298954,0.135560662,-0.27033639,-0.339523196
32,0.048719525,-0.628865361,-0.528102875,1.108248591
33,0.336591899,-0.230883807,0.029207028,-0.134915143
34,0.124689586,-0.292928964,0.031452961,0.136786446
35,0.121904291,-0.054109886,-0.037637964,-0.030156434
36,0.000402674,-0.037676081,-0.009419784,0.046693198
37,0.284842759,-0.147342682,-0.117329456,-0.020170622
38,-0.031992748,-0.02700861,-0.066059336,0.125060707