pos,A,C,G,T
0,-0.077736549,0.022939198,-0.018108979,0.072906338
1,0.019999763,-0.070719108,0.022184536,0.028534815
2,-0.136005998,0.257108927,0.274544567,-0.395647466
3,-0.324845076,-0.331958652,-0.135614574,0.792418361
4,-0.030455559,-0.712987602,0.134891719,0.608551443
5,-0.890551329,-0.591090798,1.145248175,0.336393952
6,0.518214643,-0.522059858,0.143679887,-0.139834702
7,-0.295384556,0.68129313,-0.574780703,0.188872084
8,0.310457796,-0.242898077,-0.164270937,0.096711218
9,0.076375082,-0.090047911,-0.022542298,0.036215141
10,0.032610923,-0.149796233,0.147629023,-0.030443713
11,0.037372284,-0.054987505,0.042610101,-0.024994865
12,-0.003671095,-0.094026566,0.053942807,0.043754898
13,0.122377291,-0.066732101,0.064439297,-0.120084472
14,-0.045257218,-0.017618097,0.004173324,0.058701992
15,0.204220563,-0.054875623,-0.004053619,-0.145291314
16,0.025340606,0.067397445,0.056862719,-0.149600774
17,-0.018104911,-0.067867354,0.032842524,0.053129733
18,0.016609557,-0.028473143,-0.033035073,0.044898663
19,0.139220849,-0.051877681,-0.068086311,-0.01925686
20,-0.026937816,-0.026871715,0.052787423,0.001022108
21,0.036081225,-0.061766356,-0.051863149,0.07754831
22,-0.09970367,-0.066754252,-0.061110109,0.22756803
23,0.233183891,-0.119067989,0.147486985,-0.261602879
24,-0.011029445,-0.114629433,0.186842531,-0.061183676
25,-0.046598569,-0.430651546,0.492186964,-0.014936846
26,-0.133224532,-0.039305523,0.124739371,0.047790691
27,0.208515361,-0.329986691,-0.540954769,0.662426054
28,1.276192427,-0.536838651,-0.330985665,-0.408367872
29,0.160506546,-0.235051081,-0.238403186,0.31294772
30,0.493212849,-0.009450151,-0.200578451,-0.283184201
31,0.408734977,0.083782196,-0.201044261,-0.291472882
32,0.02727133,-0.565769732,-0.294120252,0.832618713
33,0.305192649,-0.191283092,0.016453661,-0.130363196
34,0.120833293,-0.321994841,0.081281409,0.119880199
35,0.119618937,-0.058067299,-0.033996388,-0.027555265
36,-0.060402557,0.003902107,0.028954871,0.027545601
37,0.248365283,-0.077894844,-0.106960818,-0.063509628
38,-0.005740359,-0.027879886,-0.035140552,0.068760782