	pos	val_*	val_A	val_C	val_D	val_E	val_F	val_G	val_H	val_I	val_K	val_L	val_M	val_N	val_P	val_Q	val_R	val_S	val_T	val_V	val_W	val_Y
0	0	5.630919182165753	-0.28154595910828645	-0.28154595910828645	-0.281545959108283	-0.2815459591082866	-0.2815459591082918	-0.2815459591082925	-0.2815459591082894	-0.2815459591082894	-0.28154595910828656	-0.28154595910829017	-0.2815459591082882	-0.28154595910828645	-0.28154595910828467	-0.28154595910828895	-0.28154595910828584	-0.2815459591082866	-0.28154595910828306	-0.2815459591082892	-0.28154595910828656	-0.2815459591082828
1	1	-0.2793027948717634	0.013965139743588463	0.01396513974359182	0.013965139743583313	0.013965139743586248	0.013965139743589615	0.013965139743587575	0.013965139743588267	0.013965139743589145	0.013965139743587823	0.013965139743589351	0.013965139743588463	0.013965139743587358	0.013965139743588201	0.013965139743589589	0.01396513974358834	0.01396513974358766	0.013965139743587979	0.013965139743585618	0.013965139743588992	0.01396513974358913
2	2	-2.953609367077509	0.14768046835387286	0.1476804683538742	0.1476804683538764	0.14768046835388116	0.14768046835386894	0.14768046835385296	0.1476804683538781	0.14768046835387816	0.14768046835387807	0.14768046835387413	0.14768046835387605	0.1476804683538781	0.14768046835387733	0.14768046835387816	0.14768046835387774	0.14768046835387597	0.1476804683538777	0.14768046835387455	0.1476804683538776	0.14768046835387583
3	3	-6.284180998300941	0.31420904991504295	0.3142090499150462	0.3142090499150498	0.3142090499150498	0.31420904991504894	0.31420904991504295	0.3142090499150496	0.314209049915047	0.31420904991505066	0.3142090499150465	0.31420904991504695	0.3142090499150499	0.3142090499150496	0.31420904991504894	0.3142090499150499	0.3142090499150465	0.3142090499150419	0.31420904991503923	0.31420904991504917	0.31420904991504967
