	pos	val_*	val_A	val_C	val_D	val_E	val_F	val_G	val_H	val_I	val_K	val_L	val_M	val_N	val_P	val_Q	val_R	val_S	val_T	val_V	val_W	val_Y
0	0	-2.1837482260151555	0.10918741130075382	0.10918741130075386	0.10918741130075536	0.10918741130075413	0.10918741130075406	0.10918741130075388	0.10918741130075313	0.10918741130075388	0.10918741130075638	0.10918741130075663	0.10918741130075561	0.10918741130075561	0.10918741130075668	0.10918741130075643	0.10918741130075663	0.10918741130075643	0.10918741130075663	0.10918741130075388	0.10918741130075663	0.10918741130075643
1	1	-0.12865760179148283	0.006432880089574454	0.00643288008957333	0.006432880089570533	0.006432880089573575	0.0064328800895747645	0.006432880089573364	0.006432880089575173	0.00643288008957463	0.00643288008957394	0.006432880089573061	0.00643288008957366	0.006432880089574111	0.006432880089576479	0.006432880089573927	0.006432880089574319	0.0064328800895737705	0.006432880089574222	0.006432880089574141	0.006432880089575163	0.006432880089575573
2	2	-2.2792064343660483	0.11396032171830103	0.11396032171830087	0.11396032171830475	0.11396032171830404	0.11396032171830245	0.1139603217182988	0.11396032171830642	0.11396032171830477	0.11396032171830635	0.1139603217183011	0.1139603217183034	0.11396032171830471	0.11396032171830661	0.11396032171830493	0.11396032171830493	0.11396032171830399	0.11396032171830493	0.11396032171830371	0.11396032171830381	0.11396032171830371
3	3	-0.1677781570879145	0.008388907854395024	0.008388907854396001	0.008388907854396194	0.008388907854397599	0.008388907854395944	0.008388907854394214	0.008388907854394606	0.008388907854394348	0.00838890785439753	0.008388907854394952	0.008388907854395753	0.008388907854395514	0.008388907854398477	0.008388907854395762	0.008388907854398239	0.00838890785439581	0.008388907854395252	0.008388907854392167	0.008388907854395647	0.008388907854396338
