pos,val_*,val_A,val_C,val_D,val_E,val_F,val_G,val_H,val_I,val_K,val_L,val_M,val_N,val_P,val_Q,val_R,val_S,val_T,val_V,val_W,val_Y
0,0,-0.111378917,-0.108256144,0.004163698,-0.088478579,-0.093683201,-0.107215219,-0.16342514,-0.107215219,0.080151183,0.099928748,0.021859414,0.021859414,0.103051521,0.084314881,0.099928748,0.084314881,0.099928748,-0.107215219,0.099928748,0.084314881
1,0,0.025827938,-0.058486943,-0.268298279,-0.040075592,0.049118623,-0.05594969,0.079760837,0.039034667,-0.012751325,-0.078654854,-0.033699929,0.000130116,0.177737851,-0.013662134,0.015678925,-0.025437591,0.008392453,0.00234208,0.079045201,0.109752473
2,0,-0.202980269,-0.215471363,0.074946561,0.021859414,-0.097846899,-0.371610031,0.20089842,0.074946561,0.194652874,-0.198816571,-0.026023111,0.072864712,0.213389514,0.087437654,0.087437654,0.01873664,0.087437654,-0.002081849,0.003122773,-0.002081849
3,0,-0.055819574,0.0175656,0.032008427,0.137402028,0.013271787,-0.116453424,-0.087047308,-0.106434526,0.132197406,-0.061154312,-0.001040924,-0.018996871,0.2032405,-0.000390347,0.185414669,0.003122773,-0.03864432,-0.269989781,-0.008977973,0.042808018