name,num_bc,pct_bc,num_ss,pct_ss,sum_tot_ct,sum_ex_ct,I[y;x],dI[y;x]
brca2_lib1_rep1,404020.0,42.7550226727974,21929.0,68.14269289332215,5669219.0,2678316.0,0.8413865507150953,0.013561972319088915
brca2_lib1_rep2,403034.0,42.650680183922155,21906.0,68.08814844745594,5315863.0,3536332.0,0.8386171376304609,0.012265000657740801
