pos,A,C,G,T
0,-0.048534915,0.038062584,-0.02863244,0.039104767
1,0.122864708,-0.068490848,0.051100213,-0.10547407
2,-0.110897839,0.463332385,0.36254549,-0.714980006
3,-0.527932048,-0.507340908,-0.417692184,1.452964783
4,0.000118315,-1.108114243,0.182359815,0.925636172
5,-1.043622851,-0.656267166,1.312096119,0.387794018
6,0.785627425,-0.338510871,-0.103578031,-0.343538523
7,-0.260270536,1.137248874,-0.784122765,-0.092855632
8,0.388959289,-0.352241486,-0.167949826,0.131232023
9,0.11311499,-0.135549724,-0.095935144,0.118369862
10,0.051167879,-0.043444354,0.012940501,-0.020664021
11,0.027255058,-0.061894014,0.017641574,0.016997308
12,-0.032914612,0.001077041,0.01673964,0.015097946
13,0.096586496,-0.063588291,0.11127007,-0.144268304
14,-0.091388598,0.008432984,0.043364871,0.039590701
15,0.118534751,0.002905302,0.077272542,-0.198712587
16,-0.065539554,0.067087889,0.09611401,-0.097662315
17,-0.043609589,0.05294399,-0.024331659,0.014997244
18,-0.030702993,-0.00826095,-0.033009253,0.071973205
19,0.012167506,0.005465358,-0.05013942,0.032506563
20,-0.040651083,-0.013326183,-0.009189457,0.0631667
21,0.043710284,-0.083194643,-0.088107131,0.127591491
22,-0.136824399,-0.065482169,-0.092238694,0.294545293
23,0.375446349,-0.159973443,0.198719233,-0.41419211
24,-0.007946249,-0.127582133,0.237131819,-0.101603441
25,-0.028901011,-0.52745682,0.587673962,-0.031316128
26,-0.137689278,-0.132551,0.190333232,0.079907045
27,0.017886341,-0.203429937,-0.912583232,1.098126769
28,1.969651699,-0.742168427,-0.856112719,-0.371370435
29,0.099675551,-0.220452726,-0.262050092,0.382827282
30,0.645459175,-0.10485965,-0.226062521,-0.314537019
31,0.507508755,0.127315268,-0.306852013,-0.327971995
32,0.094719946,-0.787859321,-0.529606938,1.222746372
33,0.325649559,-0.220696181,0.069731012,-0.174684435
34,0.094797157,-0.258616686,0.01327695,0.150542602
35,0.143479541,-0.090813026,-0.034733638,-0.017932892
36,-0.18730621,0.24187398,-0.0825174,0.027949631
37,0.249108732,0.215259165,0.090504557,-0.554872394
38,0.071350537,0.042155981,-0.179858983,0.066352472