pos,A,C,G,T
0,-0.053303018,-0.040650189,-0.03694284,0.130896062
1,-0.007732779,-0.08825171,-0.002840653,0.098825112
2,-0.072172642,0.371744603,0.270306945,-0.569878936
3,-0.27555567,-0.347960234,-0.162569821,0.786085784
4,-0.029352367,-0.575200081,-0.074580848,0.679133296
5,-1.157917976,-0.577147603,1.420908451,0.314157188
6,0.68292129,-0.548820734,0.337447584,-0.47154811
7,-0.487729311,0.8488186,-0.774177074,0.413087755
8,0.433021843,-0.343470454,-0.143803924,0.054252535
9,0.170870155,-0.146184132,-0.013139671,-0.011546342
10,-0.017523333,-0.061774604,0.130026489,-0.050728548
11,0.084298275,-0.076303035,0.028857186,-0.036852464
12,-0.067675382,0.072807208,-0.066831946,0.061700121
13,0.161624417,-0.158731699,0.080961011,-0.083853722
14,-0.11112833,0.008483633,0.040591702,0.062052995
15,0.274178803,-0.074025586,0.06417089,-0.264324129
16,-0.006214589,0.095374703,0.047056556,-0.136216685
17,0.010160461,-0.014376163,-0.061662972,0.065878674
18,0.049442053,-0.027586862,-0.0794563,0.057601154
19,0.011246048,-0.017641593,-0.062602863,0.068998404
20,-0.028793491,-0.038808793,-0.006149217,0.073751509
21,0.043689683,-0.061977305,-0.098627605,0.116915219
22,-0.154256731,-0.061639559,-0.083151758,0.299048066
23,0.33285138,-0.162970901,0.152189881,-0.32207036
24,0.06041678,-0.207894772,0.222219408,-0.074741423
25,-0.020618983,-0.545322537,0.639518559,-0.073577046
26,-0.163923815,-0.061666459,0.146427929,0.079162315
27,0.2236453,-0.251951545,-0.700714588,0.729020596
28,1.326807976,-0.658165455,-0.333727717,-0.334915042
29,0.20763889,-0.267047435,-0.235350162,0.294758677
30,0.583057106,-0.092428222,-0.217468455,-0.273160458
31,0.523494065,0.112047039,-0.310550094,-0.324990958
32,-0.05216831,-0.471618354,-0.37545377,0.899240375
33,0.324272871,-0.290273368,0.067269966,-0.101269513
34,0.109856978,-0.277901322,0.017601341,0.150442988
35,0.185400367,-0.118971601,-0.034812421,-0.03161633
36,-0.008587867,-0.015367433,-0.004572809,0.02852805
37,0.21589002,-0.078486316,-0.138583794,0.001180112
38,0.015347406,-0.011185981,-0.080535188,0.076373771