	pos	val_A	val_C	val_G	val_U
0	0	-0.0069674181530311255	0.104037235050212	0.19567283232154542	-0.29274264921872634
1	1	0.1318685384779011	-0.05711435754558311	0.1621542242038874	-0.2369084051362054
2	2	0.005227077948145684	0.27051648598576294	-0.3574016415076311	0.08165807757372245
3	3	-0.39298686330232435	0.24308404140322673	-0.1488371719178645	0.29873999381696226
4	4	0.18724289478117606	0.02838341539527705	-0.19638972215065295	-0.019236588025800194
5	5	-0.17729143859297633	0.1118272241820964	0.18959712007264717	-0.12413290566176721
6	6	-0.009672930951213486	-0.036545166293462994	0.14452363380716288	-0.09830553656248639
7	7	-0.03177012142255355	-0.08550795223010686	0.11994768049158501	-0.0026696068389245736
8	8	-0.06069632680048087	0.016303759303393714	0.12660332468740101	-0.08221075719031384
