	pos	val_A	val_C	val_G	val_U
0	0	5.845465067883558e-15	-1.2422095823669797e-16	-1.3166074310961084e-15	-4.404636678550753e-15
1	1	2.86843686760638e-15	-1.0502676670162506e-14	2.804001756157934e-15	4.830238046398192e-15
2	2	1.1142056294623603e-15	-1.9881985674260432e-15	-6.040090876799957e-15	6.9140838147636405e-15
3	3	1.0243609276905055	-1.2272400277080153	2.739062504274442	-2.536183404256932
4	4	3.786339256973716	-1.5186033876171239	-0.7491324817394704	-1.5186033876171225
5	5	1.897057554080868e-15	-4.209272579084363e-15	-2.8442633430042355e-15	5.15647836800773e-15
6	6	2.7012645516128884e-15	-7.45573068581094e-15	-5.180586538176673e-16	5.272524788015717e-15
7	7	4.470227147601035e-16	-3.8720118575822905e-15	-2.531484991593784e-15	5.956474134415971e-15
8	8	1.3435008721518907e-15	-3.4322168459975306e-15	-3.6322851756173395e-15	5.72100114946298e-15
